<addon id="plugin.video.fenlight" name="Fen Light+" provider-name="Tikipeter/thejason40" version="2.2.60">

	<requires>
		<import addon="xbmc.python" version="3.0.0"/>
		<import addon="script.module.requests" version="2.2.20"/>
		<import addon="script.module.yt-dlp" version="2025.05.22-1"/>
	</requires>
	<extension point="xbmc.python.pluginsource" library="resources/lib/fenlight.py">
		<provides>video</provides>
	</extension>
	<extension point="xbmc.service" library="resources/lib/service.py"/>
	<extension point="xbmc.python.module" library="resources/lib/"/>
	<extension point="xbmc.addon.metadata">
		<reuselanguageinvoker>true</reuselanguageinvoker>
		<summary lang="en">Access your content from Easynews and Debrid Clouds.</summary>
		<description lang="en">Fen Light+ is a fork of the Fen Light addon by Tikipeter. This add-on is intended for advanced Kodi users only. You must own the content of any media you play through this addon. This is an English language only add-on.</description>
		<platform>all</platform>
		<disclaimer lang="en">The author of this addon does not host any of the content which is found and has no affiliation with any of the content providers.</disclaimer>
		<assets>
			<icon>resources/media/fenlight_plus_icon.png</icon>
			<fanart>resources/media/fenlight_plus_fanart.png</fanart>
		</assets>
		<news>INFO: For latest changes see Changelog within Tools of add-on.</news>
	</extension>
</addon>
